Throughput:,2600.000000
Iteration speed:,999
Interval between vehicle spawns:,30
Lanes in total:,4
Plsubus lanes:,2
Time stopped spawning cars, 3600
Duration of simulation, 3795
Total number of cars:,2619
ID, TYPE, LANE, SECS ON BRIDGE, AVG SPEED, TIME WAITED FOR GREEN
1,Car,3,301,7.888,243
2,Car,4,302,7.975,244
3,Car,3,335,7.141,273
4,Car,3,335,7.153,271
5,Car,4,334,7.149,274
6,Car,4,334,7.146,270
7,Car,3,335,7.139,268
8,Car,4,335,7.168,269
9,Car,4,335,7.157,267
10,Car,4,335,7.133,265
11,Car,3,336,7.164,266
12,Car,3,336,7.174,265
13,Car,4,335,7.131,263
14,Car,3,336,7.178,263
15,Car,3,336,7.110,260
16,Car,3,336,7.113,259
17,Car,4,335,7.113,260
18,Car,3,336,7.115,257
19,Car,3,336,7.121,256
20,Car,3,336,7.097,253
21,Car,3,336,7.113,248
22,Car,3,336,7.105,248
23,Car,3,336,7.099,246
24,Car,4,314,7.676,238
25,Car,3,321,7.406,229
26,Car,3,322,7.446,226
27,Car,4,313,7.631,236
28,Car,3,322,7.454,224
29,Car,3,322,7.462,222
30,Car,4,314,7.678,234
31,Car,4,314,7.644,231
32,Car,3,322,7.467,217
33,Car,4,314,7.624,228
34,Car,3,292,8.235,187
35,Car,3,291,8.179,185
36,Car,3,324,7.432,213
37,Car,4,284,8.411,199
38,Bus,4,288,8.363,183
39,Car,4,287,8.385,181
40,Car,3,324,7.421,211
41,Car,4,287,8.399,177
42,Car,3,324,7.362,210
43,Car,3,324,7.376,206
44,Car,3,325,7.411,202
45,Car,4,286,8.417,174
46,Car,4,286,8.398,173
47,Car,4,286,8.433,172
48,Car,4,317,7.608,201
49,Car,4,316,7.570,201
50,Car,4,316,7.576,196
51,Car,3,325,7.417,202
52,Car,4,316,7.577,192
53,Car,4,316,7.582,190
54,Car,3,325,7.401,199
55,Car,3,324,7.366,196
56,Car,3,325,7.376,194
57,Car,3,325,7.360,192
58,Car,3,326,7.382,191
59,Car,4,316,7.585,187
60,Car,3,325,7.344,190
61,Car,4,316,7.551,185
62,Car,4,316,7.544,184
63,Car,4,317,7.595,182
64,Car,3,325,7.334,188
65,Car,3,325,7.353,186
66,Car,4,317,7.570,178
67,Car,4,317,7.572,174
68,Car,4,312,7.712,174
69,Car,3,317,7.582,182
70,Car,3,317,7.583,178
71,Car,3,317,7.601,174
72,Car,3,317,7.593,171
73,Car,4,312,7.717,174
74,Car,4,312,7.653,173
75,Car,4,312,7.671,174
76,Car,4,312,7.675,173
77,Car,4,312,7.646,173
78,Car,3,316,7.538,169
79,Car,4,313,7.699,172
80,Car,3,317,7.529,165
81,Car,3,349,6.853,196
82,Car,3,350,6.868,195
83,Car,3,350,6.861,192
84,Car,4,313,7.636,172
85,Car,3,350,6.868,189
86,Car,4,313,7.646,170
87,Car,4,313,7.662,169
88,Car,3,320,7.518,163
89,Car,4,315,7.601,170
90,Car,3,320,7.487,160
91,Car,3,320,7.457,158
92,Plus Bus,2,209,11.538,133
93,Car,4,316,7.613,166
94,Car,3,321,7.506,157
95,Car,4,316,7.608,166
96,Car,4,316,7.592,161
97,Car,3,320,7.458,156
98,Car,4,316,7.606,154
99,Car,3,321,7.494,154
100,Car,4,316,7.587,144
101,Car,4,316,7.572,141
102,Car,4,316,7.573,140
103,Car,3,321,7.466,150
104,Car,3,321,7.466,149
105,Car,3,321,7.471,149
106,Car,3,321,7.488,147
107,Car,4,316,7.580,138
108,Car,3,321,7.460,142
109,Car,4,316,7.587,136
110,Car,3,321,7.436,138
111,Car,3,321,7.423,135
112,Car,4,306,7.834,132
113,Car,4,306,7.862,132
114,Car,4,306,7.842,129
115,Car,4,307,7.843,128
116,Car,3,315,7.656,136
117,Car,3,314,7.603,134
118,Car,4,307,7.848,127
119,Car,4,307,7.849,123
120,Car,4,307,7.854,120
121,Car,3,314,7.613,134
122,Car,4,306,7.801,113
123,Car,4,307,7.853,110
124,Car,3,314,7.595,133
125,Car,3,347,6.892,158
126,Car,3,347,6.897,155
127,Car,4,307,7.836,107
128,Car,3,348,6.920,152
129,Car,4,307,7.835,99
130,Car,4,339,7.094,125
131,Car,4,339,7.085,122
132,Car,4,339,7.091,121
133,Car,3,347,6.888,152
134,Car,3,311,7.727,107
135,Car,4,308,7.798,91
136,Car,3,311,7.732,103
137,Car,4,308,7.757,87
138,Car,4,308,7.752,83
139,Car,4,309,7.799,83
140,Car,4,309,7.804,74
141,Car,4,309,7.798,74
142,Car,4,309,7.774,73
143,Car,3,311,7.711,100
144,Car,3,311,7.689,100
145,Car,3,311,7.696,99
146,Car,4,309,7.790,70
147,Car,3,312,7.722,93
148,Car,4,309,7.778,68
149,Car,4,309,7.765,68
150,Car,3,311,7.667,92
151,Car,3,312,7.711,92
152,Car,4,310,7.775,67
153,Car,3,311,7.698,87
154,Car,3,311,7.712,85
155,Car,4,310,7.778,65
156,Car,4,307,7.844,61
157,Car,3,307,7.855,83
158,Car,4,307,7.846,54
159,Car,3,306,7.774,83
160,Car,4,307,7.854,52
161,Car,3,307,7.813,82
162,Car,3,307,7.819,81
163,Car,3,307,7.838,77
164,Car,3,307,7.836,73
165,Car,3,339,7.081,103
166,Car,4,307,7.776,46
167,Car,3,340,7.078,99
168,Car,3,340,7.068,97
169,Car,4,307,7.776,41
170,Car,3,340,7.052,94
171,Car,4,307,7.779,40
172,Car,4,340,7.082,64
173,Car,3,340,7.090,94
174,Car,3,340,7.079,94
175,Car,3,340,7.062,92
176,Car,3,340,7.068,92
177,Car,4,339,7.066,61
178,Car,4,297,8.056,29
179,Car,3,304,7.921,67
180,Car,3,303,7.859,66
181,Car,3,304,7.904,65
182,Car,4,297,8.050,28
183,Car,3,304,7.871,67
184,Car,4,298,8.067,28
185,Car,3,304,7.848,67
186,Car,3,305,7.893,66
187,Car,4,298,8.050,26
188,Car,4,298,8.026,25
189,Car,4,298,8.031,25
190,Car,4,299,8.054,24
191,Car,3,305,7.879,64
192,Car,4,298,8.025,23
193,Car,3,305,7.872,66
194,Car,4,298,8.046,22
195,Car,3,305,7.866,67
196,Car,4,299,8.038,21
197,Car,3,305,7.859,67
198,Car,4,299,8.046,21
199,Car,3,305,7.845,67
200,Car,4,299,8.045,20
201,Car,4,299,8.062,19
202,Car,4,299,8.045,18
203,Car,4,299,8.064,17
204,Car,3,305,7.853,67
205,Car,4,299,8.024,16
206,Car,4,299,8.028,15
207,Car,4,299,8.059,14
208,Car,3,305,7.838,68
209,Car,4,299,8.058,14
210,Car,4,299,8.031,12
211,Car,3,338,7.131,100
212,Car,3,337,7.092,99
213,Car,4,331,7.278,40
214,Car,4,331,7.258,39
215,Car,3,338,7.135,99
216,Car,3,338,7.108,97
217,Car,4,331,7.262,37
218,Car,3,338,7.088,94
219,Car,4,332,7.265,34
220,Car,4,332,7.247,32
221,Car,3,338,7.098,91
222,Car,4,292,8.231,25
223,Car,4,292,8.235,25
224,Car,3,292,8.225,90
225,Car,4,292,8.216,26
226,Car,3,292,8.198,89
227,Car,4,292,8.255,25
228,Car,3,292,8.172,91
229,Car,3,292,8.185,91
230,Car,3,292,8.171,92
231,Car,3,292,8.180,93
232,Car,3,292,8.173,93
233,Car,3,292,8.162,93
234,Car,3,293,8.217,91
235,Car,4,292,8.238,26
236,Car,4,292,8.245,26
237,Car,4,293,8.219,26
238,Car,3,293,8.159,92
239,Car,3,293,8.144,93
240,Car,3,294,8.186,92
241,Car,4,293,8.216,26
242,Car,4,293,8.219,26
243,Car,4,292,8.199,27
244,Car,4,292,8.190,27
245,Car,4,293,8.208,25
246,Car,3,294,8.184,94
247,Car,3,294,8.179,91
248,Car,4,293,8.227,25
249,Car,4,293,8.193,22
250,Car,4,293,8.206,22
251,Car,3,294,8.196,90
252,Car,4,326,7.389,52
253,Car,3,326,7.381,119
254,Car,4,326,7.390,47
255,Car,3,326,7.383,118
256,Car,4,326,7.388,43
257,Car,3,326,7.391,119
258,Car,3,326,7.341,116
259,Car,3,327,7.360,115
260,Car,4,326,7.366,40
261,Car,3,327,7.366,116
262,Car,3,327,7.352,112
263,Car,4,326,7.350,36
264,Car,4,327,7.375,32
265,Car,3,327,7.370,110
266,Car,3,284,8.402,103
267,Car,3,285,8.385,103
268,Car,4,283,8.506,29
269,Car,3,285,8.384,106
270,Car,3,286,8.431,107
271,Car,4,283,8.481,28
272,Car,4,283,8.495,28
273,Car,4,283,8.476,27
274,Car,4,283,8.484,26
275,Car,4,283,8.468,25
276,Car,4,284,8.490,25
277,Car,3,286,8.432,108
278,Car,3,286,8.421,107
279,Car,4,284,8.466,25
280,Car,3,286,8.431,108
281,Car,4,283,8.458,25
282,Car,3,286,8.433,110
283,Car,3,286,8.433,109
284,Car,4,284,8.492,25
285,Car,3,286,8.431,109
286,Car,3,286,8.402,110
287,Car,3,286,8.408,108
288,Car,3,319,7.510,128
289,Car,4,283,8.479,25
290,Car,4,284,8.486,26
291,Car,4,284,8.478,26
292,Car,4,284,8.479,25
293,Car,4,283,8.457,24
294,Car,3,320,7.537,123
295,Car,4,316,7.623,46
296,Car,3,319,7.502,119
297,Car,4,316,7.600,45
298,Car,3,319,7.506,116
299,Car,4,316,7.578,43
300,Car,4,317,7.603,42
301,Car,4,316,7.569,41
302,Car,3,320,7.526,114
303,Car,4,317,7.608,39
304,Car,3,319,7.504,113
305,Car,4,316,7.562,38
306,Car,4,317,7.607,38
307,Car,3,319,7.498,106
308,Car,4,317,7.589,33
309,Car,3,319,7.502,101
310,Car,4,311,7.729,29
311,Car,3,310,7.772,94
312,Car,4,311,7.707,29
313,Car,3,309,7.725,91
314,Car,3,310,7.777,88
315,Car,4,311,7.692,28
316,Car,3,310,7.766,88
317,Car,4,311,7.703,27
318,Car,4,311,7.683,25
319,Car,3,310,7.762,90
320,Car,4,281,8.518,25
321,Car,4,281,8.517,25
322,Car,4,281,8.513,26
323,Car,4,281,8.527,26
324,Car,3,280,8.581,74
325,Car,4,282,8.538,26
326,Car,4,282,8.541,26
327,Car,3,280,8.584,73
328,Car,4,282,8.541,21
329,Car,3,281,8.580,73
330,Car,3,281,8.574,74
331,Car,3,281,8.576,73
332,Car,3,280,8.534,74
333,Car,3,281,8.533,71
334,Car,3,281,8.548,72
335,Car,3,313,7.666,100
336,Car,4,314,7.680,49
337,Car,3,313,7.645,98
338,Car,3,313,7.643,91
339,Car,3,313,7.630,86
340,Car,3,313,7.642,84
341,Car,4,314,7.679,46
342,Car,3,313,7.636,81
343,Car,4,314,7.646,41
344,Car,4,314,7.641,40
345,Car,3,314,7.680,79
346,Car,3,314,7.675,74
347,Car,4,314,7.666,36
348,Car,4,315,7.637,35
349,Car,3,314,7.621,68
350,Car,3,314,7.637,70
351,Car,4,315,7.639,35
352,Car,3,314,7.646,68
353,Car,3,314,7.643,62
354,Car,3,310,7.778,57
355,Car,4,304,7.922,32
356,Car,4,304,7.915,31
357,Car,4,304,7.933,31
358,Car,4,304,7.922,30
359,Car,3,309,7.726,53
360,Car,4,304,7.927,29
361,Car,4,305,7.891,28
362,Car,3,309,7.723,52
363,Car,3,310,7.763,51
364,Car,4,305,7.894,27
365,Car,3,310,7.770,51
366,Car,4,305,7.891,24
367,Car,3,310,7.775,49
368,Car,3,309,7.725,49
369,Car,3,310,7.751,49
370,Car,4,305,7.908,25
371,Car,4,305,7.872,25
372,Car,3,343,7.026,79
373,Car,3,342,7.014,81
374,Car,3,312,7.675,72
375,Car,3,312,7.650,73
376,Plus Bus,1,56,42.690,0
377,Car,4,275,8.744,25
378,Car,4,275,8.732,25
379,Car,4,275,8.711,25
380,Car,4,307,7.819,54
381,Car,3,312,7.650,73
382,Car,3,313,7.682,71
383,Car,3,313,7.671,72
384,Car,3,313,7.676,74
385,Car,3,313,7.634,73
386,Car,4,307,7.828,51
387,Car,3,313,7.627,72
388,Car,3,313,7.632,67
389,Car,4,308,7.812,45
390,Car,3,314,7.669,66
391,Car,3,314,7.680,67
392,Car,3,314,7.677,67
393,Car,3,314,7.670,68
394,Car,3,314,7.656,69
395,Car,4,308,7.812,44
396,Car,4,308,7.830,40
397,Car,3,314,7.656,67
398,Car,4,296,8.126,40
399,Car,4,296,8.119,38
400,Car,4,296,8.125,32
401,Car,3,309,7.736,59
402,Car,4,296,8.136,31
403,Car,4,296,8.139,30
404,Car,3,309,7.730,62
405,Car,3,309,7.749,58
406,Car,4,296,8.101,29
407,Car,4,296,8.111,29
408,Car,4,296,8.115,28
409,Car,4,296,8.138,27
410,Car,3,309,7.761,54
411,Car,3,341,7.038,84
412,Plus Bus,1,73,32.771,10
413,Car,3,341,7.038,82
414,Car,4,297,8.118,26
415,Car,3,341,7.039,82
416,Car,3,341,7.023,78
417,Car,4,297,8.097,26
418,Car,3,341,7.015,77
419,Car,4,297,8.079,25
420,Car,3,305,7.826,71
421,Plus Bus,1,84,28.533,18
422,Car,3,306,7.880,71
423,Car,4,264,9.102,25
424,Car,4,264,9.099,25
425,Car,3,306,7.861,73
426,Car,4,264,9.097,24
427,Car,4,264,9.094,23
428,Car,3,306,7.851,67
429,Car,3,306,7.822,65
430,Car,3,306,7.835,66
431,Car,3,306,7.853,65
432,Car,3,306,7.798,65
433,Car,4,296,8.073,52
434,Car,4,296,8.079,49
435,Car,4,297,8.110,49
436,Car,3,306,7.814,67
437,Car,3,307,7.840,68
438,Car,3,307,7.844,70
439,Car,4,297,8.061,46
440,Car,4,297,8.071,47
441,Car,4,298,8.091,47
442,Car,3,303,7.956,70
443,Car,3,303,7.944,70
444,Car,3,303,7.931,69
445,Car,3,303,7.925,68
446,Car,3,303,7.942,67
447,Car,3,303,7.957,67
448,Car,3,335,7.149,95
449,Car,4,292,8.218,47
450,Car,3,335,7.149,94
451,Car,3,335,7.161,92
452,Car,4,293,8.217,48
453,Car,3,335,7.160,89
454,Car,4,293,8.215,49
455,Car,4,293,8.228,48
456,Car,3,335,7.139,88
457,Car,4,293,8.224,50
458,Car,3,336,7.171,84
459,Car,4,293,8.213,48
460,Car,4,293,8.219,47
461,Car,3,336,7.174,83
462,Car,4,293,8.195,47
463,Car,4,293,8.207,46
464,Car,4,252,9.515,46
465,Car,4,252,9.517,46
466,Car,3,299,8.062,76
467,Car,4,252,9.508,47
468,Car,3,298,8.023,69
469,Car,4,252,9.503,47
470,Car,4,252,9.514,48
471,Car,4,253,9.509,48
472,Car,4,285,8.448,79
473,Car,3,299,7.992,67
474,Car,3,299,7.994,67
475,Car,3,300,8.029,66
476,Car,3,299,8.003,67
477,Car,3,299,7.984,67
478,Car,3,299,7.993,68
479,Car,3,299,7.994,69
480,Car,3,299,8.017,69
481,Car,4,285,8.449,79
482,Car,4,285,8.449,78
483,Car,4,286,8.433,80
484,Car,3,300,8.031,68
485,Car,3,300,8.007,68
486,Car,3,300,8.003,65
487,Car,4,286,8.428,77
488,Car,3,333,7.230,92
489,Car,3,333,7.206,89
490,Car,4,286,8.419,76
491,Car,3,333,7.214,85
492,Car,3,333,7.226,83
493,Car,4,285,8.393,77
494,Car,4,286,8.427,78
495,Car,3,333,7.230,81
496,Car,3,333,7.241,81
497,Car,4,286,8.420,76
498,Car,3,333,7.170,80
499,Car,4,286,8.372,73
500,Car,3,334,7.203,79
501,Car,3,334,7.196,79
502,Car,3,334,7.218,78
503,Car,3,334,7.220,78
504,Car,3,334,7.177,78
505,Car,3,334,7.190,79
506,Car,4,286,8.378,74
507,Car,3,334,7.187,79
508,Car,3,296,8.125,78
509,Car,3,296,8.063,79
510,Car,3,296,8.071,73
511,Car,4,238,10.092,74
512,Car,3,296,8.086,74
513,Car,3,296,8.065,75
514,Car,3,296,8.085,70
515,Car,3,296,8.088,70
516,Car,3,329,7.290,99
517,Car,3,329,7.306,94
518,Car,4,238,10.090,75
519,Car,4,238,10.089,74
520,Car,4,239,10.074,73
521,Car,4,239,10.075,74
522,Car,3,329,7.286,91
523,Car,4,239,10.071,73
524,Car,4,239,10.036,71
525,Car,3,329,7.276,86
526,Car,3,329,7.282,86
527,Car,3,329,7.259,81
528,Car,4,239,10.028,70
529,Car,3,330,7.294,80
530,Car,3,330,7.267,79
531,Car,3,330,7.285,77
532,Car,3,330,7.301,73
533,Car,3,330,7.232,74
534,Car,4,239,10.013,70
535,Car,3,330,7.244,76
536,Car,3,330,7.235,77
537,Car,3,330,7.239,78
538,Car,4,272,8.854,100
539,Car,3,330,7.260,80
540,Car,4,272,8.846,99
541,Car,3,330,7.265,80
542,Car,3,330,7.239,81
543,Car,3,331,7.282,82
544,Car,4,272,8.818,96
545,Car,3,330,7.247,83
546,Car,4,272,8.852,95
547,Car,3,331,7.269,79
548,Car,4,272,8.850,95
549,Car,4,272,8.841,92
550,Car,3,364,6.578,103
551,Car,3,364,6.582,100
552,Car,3,329,7.326,97
553,Car,3,328,7.298,90
554,Car,3,328,7.308,84
555,Car,3,329,7.314,80
556,Car,3,329,7.311,78
557,Car,4,222,10.812,77
558,Car,4,222,10.831,75
559,Car,3,329,7.317,74
560,Car,3,329,7.298,72
561,Car,3,329,7.299,69
562,Car,3,329,7.323,67
563,Car,3,329,7.330,67
564,Car,4,222,10.833,71
565,Car,3,329,7.317,65
566,Car,3,329,7.309,64
567,Car,3,329,7.320,63
568,Car,4,222,10.851,72
569,Car,4,222,10.771,73
570,Car,3,329,7.320,63
571,Car,4,222,10.773,72
572,Car,3,329,7.270,59
573,Car,4,222,10.784,71
574,Car,4,222,10.821,72
575,Car,4,223,10.767,72
576,Car,4,223,10.748,73
577,Car,4,223,10.784,73
578,Car,4,223,10.808,71
579,Car,4,223,10.797,70
580,Car,3,329,7.273,59
581,Car,4,223,10.775,71
582,Car,3,330,7.285,56
583,Car,4,224,10.764,70
584,Car,4,256,9.404,99
585,Car,4,256,9.407,98
586,Car,4,256,9.366,99
587,Car,3,330,7.268,56
588,Car,3,363,6.644,85
589,Car,4,257,9.384,100
590,Car,4,256,9.343,99
591,Car,4,256,9.335,98
592,Car,3,362,6.630,84
593,Car,4,257,9.369,94
594,Car,4,257,9.349,92
595,Car,4,257,9.363,91
596,Car,4,251,9.581,88
597,Car,3,352,6.809,81
598,Car,3,353,6.830,79
599,Car,4,251,9.596,88
600,Car,4,251,9.561,86
601,Car,4,251,9.583,87
602,Car,3,352,6.792,79
603,Car,4,252,9.567,83
604,Car,4,222,10.860,64
605,Car,3,352,6.808,75
606,Car,4,221,10.816,66
607,Car,3,353,6.817,75
608,Car,3,323,7.458,77
609,Car,3,323,7.438,76
610,Car,3,323,7.458,78
611,Car,4,222,10.838,65
612,Car,3,323,7.460,78
613,Car,4,221,10.816,64
614,Car,3,323,7.416,76
615,Car,3,323,7.400,75
616,Car,3,323,7.402,77
617,Car,4,222,10.846,64
618,Car,3,323,7.425,77
619,Car,3,323,7.431,74
620,Car,4,222,10.804,65
621,Car,4,254,9.473,94
622,Car,3,323,7.404,67
623,Car,3,323,7.415,64
624,Car,3,323,7.417,64
625,Car,4,255,9.443,96
626,Car,3,324,7.398,63
627,Car,4,255,9.450,96
628,Car,3,324,7.403,63
629,Car,4,254,9.424,94
630,Car,4,254,9.412,94
631,Car,4,255,9.448,94
632,Car,4,255,9.416,94
633,Car,4,254,9.427,99
634,Car,3,357,6.748,93
635,Car,4,254,9.426,98
636,Car,4,255,9.444,98
637,Car,4,255,9.453,95
638,Car,4,254,9.424,90
639,Car,4,254,9.440,90
640,Car,4,249,9.646,81
641,Car,3,347,6.922,93
642,Car,4,249,9.645,78
643,Car,3,347,6.921,88
644,Car,3,347,6.936,79
645,Car,4,249,9.635,76
646,Car,3,348,6.930,77
647,Car,3,348,6.927,76
648,Car,4,250,9.618,73
649,Car,3,348,6.930,74
650,Car,3,347,6.888,69
651,Car,3,347,6.884,67
652,Car,4,250,9.600,71
653,Car,3,347,6.884,63
654,Car,3,348,6.915,63
655,Car,4,250,9.633,71
656,Car,3,318,7.575,63
657,Car,3,318,7.547,62
658,Car,3,318,7.533,63
659,Car,4,250,9.572,71
660,Car,4,250,9.575,74
661,Car,3,318,7.543,64
662,Car,3,318,7.558,65
663,Car,3,319,7.555,66
664,Car,3,319,7.545,68
665,Car,4,251,9.597,101
666,Car,4,251,9.585,101
667,Car,3,319,7.559,62
668,Car,3,319,7.561,60
669,Car,4,251,9.561,99
670,Car,3,319,7.548,56
671,Car,3,350,6.824,86
672,Car,3,351,6.870,85
673,Car,3,351,6.853,83
674,Car,3,351,6.816,83
675,Car,4,251,9.557,96
676,Car,3,351,6.810,81
677,Car,3,352,6.849,82
678,Car,3,351,6.809,82
679,Car,3,352,6.836,80
680,Car,3,352,6.836,81
681,Car,4,251,9.576,94
682,Car,4,251,9.547,92
683,Car,4,251,9.576,91
684,Car,4,238,10.081,87
685,Car,4,238,10.055,88
686,Car,3,351,6.822,79
687,Car,4,239,10.078,88
688,Car,4,238,10.067,86
689,Car,3,352,6.851,81
690,Car,4,238,10.088,83
691,Car,3,351,6.815,80
692,Car,4,239,10.086,83
693,Car,3,351,6.828,79
694,Car,4,239,10.071,81
695,Car,3,351,6.844,80
696,Car,3,351,6.861,80
697,Car,4,239,10.054,80
698,Car,4,239,10.049,78
699,Car,4,239,10.064,75
700,Car,3,351,6.804,82
701,Car,3,352,6.830,83
702,Car,3,352,6.832,83
703,Car,3,352,6.833,83
704,Car,3,352,6.848,79
705,Car,4,239,10.066,75
706,Car,3,350,6.834,107
707,Car,3,351,6.862,104
708,Bus,3,353,6.821,97
709,Car,4,205,11.765,70
710,Car,3,352,6.844,94
711,Car,4,204,11.720,68
712,Car,3,352,6.838,94
713,Car,3,352,6.851,93
714,Car,4,206,11.670,67
715,Car,4,237,10.086,98
716,Car,4,238,10.133,97
717,Car,4,238,10.109,97
718,Car,3,351,6.839,93
719,Car,4,238,10.053,93
720,Car,4,239,10.064,93
721,Car,3,351,6.832,89
722,Car,4,239,10.074,92
723,Car,3,352,6.845,86
724,Car,4,239,10.058,91
725,Car,4,239,10.077,88
726,Car,4,239,10.087,86
727,Car,3,351,6.824,85
728,Car,4,236,10.152,84
729,Car,4,236,10.154,82
730,Car,3,348,6.915,84
731,Car,4,236,10.175,79
732,Car,3,348,6.893,80
733,Car,3,347,6.890,80
734,Car,3,347,6.887,79
735,Car,3,348,6.916,79
736,Car,4,236,10.193,80
737,Car,3,348,6.919,78
738,Car,3,348,6.925,78
739,Car,3,347,6.906,79
740,Car,4,237,10.157,81
741,Car,4,237,10.166,80
742,Car,3,347,6.884,80
743,Car,4,236,10.127,80
744,Car,3,347,6.899,82
745,Car,3,347,6.888,83
746,Car,4,237,10.160,78
747,Car,4,237,10.165,76
748,Car,4,237,10.169,75
749,Car,4,237,10.127,75
750,Car,3,340,7.022,114
751,Car,4,198,12.130,63
752,Car,3,341,7.072,113
753,Car,3,341,7.011,111
754,Car,4,230,10.475,92
755,Car,4,230,10.462,85
756,Car,3,342,7.030,111
757,Car,4,230,10.447,85
758,Car,3,342,7.044,103
759,Car,3,342,7.027,100
760,Car,3,342,7.043,100
761,Car,3,342,7.047,99
762,Car,4,230,10.467,86
763,Car,3,341,7.004,98
764,Car,4,231,10.431,86
765,Car,4,231,10.426,85
766,Car,3,341,6.999,95
767,Car,4,231,10.415,83
768,Car,4,231,10.394,81
769,Car,4,231,10.387,81
770,Car,3,342,7.050,94
771,Car,3,342,7.034,91
772,Car,3,342,7.011,85
773,Car,4,231,10.387,82
774,Plus Bus,2,55,43.037,0
775,Car,3,343,7.029,78
776,Car,3,343,7.027,79
777,Car,3,342,6.994,77
778,Car,4,231,10.375,80
779,Car,3,343,7.030,78
780,Car,4,232,10.396,80
781,Car,4,232,10.386,77
782,Car,3,343,7.021,79
783,Car,4,231,10.358,77
784,Car,4,232,10.373,78
785,Car,3,342,6.978,79
786,Plus Bus,2,57,41.450,0
787,Car,4,232,10.363,77
788,Car,3,343,7.024,80
789,Car,4,232,10.377,75
790,Car,3,343,7.027,80
791,Car,4,232,10.389,73
792,Car,3,375,6.424,111
793,Car,4,232,10.369,72
794,Car,4,187,12.860,52
795,Car,3,333,7.241,111
796,Car,3,332,7.196,105
797,Car,3,333,7.229,104
798,Car,3,333,7.243,100
799,Car,3,333,7.235,102
800,Car,3,333,7.220,99
801,Car,3,333,7.205,96
802,Car,3,333,7.207,93
803,Car,3,333,7.184,85
804,Car,3,334,7.217,83
805,Car,3,334,7.202,80
806,Car,4,187,12.883,51
807,Car,3,333,7.189,79
808,Car,4,219,10.969,78
809,Car,3,333,7.204,75
810,Car,3,333,7.217,74
811,Car,4,219,10.958,77
812,Car,3,333,7.202,75
813,Car,4,219,10.939,77
814,Car,4,219,10.950,75
815,Car,3,334,7.203,76
816,Car,3,334,7.189,77
817,Car,3,334,7.182,77
818,Car,3,334,7.183,76
819,Car,3,334,7.201,77
820,Car,4,219,10.948,75
821,Plus Bus,1,56,42.821,0
822,Car,4,220,10.938,75
823,Car,3,366,6.580,107
824,Car,3,367,6.559,107
825,Car,4,220,10.924,75
826,Car,4,220,10.953,74
827,Car,4,220,10.956,73
828,Car,3,367,6.560,106
829,Car,4,220,10.889,73
830,Car,3,367,6.570,105
831,Car,3,367,6.560,105
832,Car,3,367,6.556,104
833,Car,4,219,10.936,74
834,Car,3,367,6.560,104
835,Car,3,367,6.568,105
836,Car,3,367,6.528,103
837,Car,4,219,10.944,74
838,Car,4,170,14.163,42
839,Car,4,170,14.155,42
840,Car,4,170,14.181,43
841,Car,4,170,14.157,43
842,Car,3,331,7.241,102
843,Car,3,331,7.249,102
844,Car,3,331,7.247,99
845,Car,3,331,7.238,98
846,Car,4,170,14.176,42
847,Car,3,331,7.246,95
848,Car,3,331,7.235,88
849,Car,3,331,7.248,86
850,Car,4,170,14.147,42
851,Car,4,170,14.156,41
852,Car,4,170,14.143,41
853,Car,3,331,7.226,86
854,Car,4,203,11.833,72
855,Car,3,331,7.214,83
856,Car,4,203,11.834,70
857,Car,4,203,11.825,70
858,Car,3,332,7.255,84
859,Car,4,203,11.839,68
860,Car,4,203,11.814,66
861,Car,3,332,7.252,81
862,Car,4,203,11.841,67
863,Car,4,204,11.820,64
864,Car,3,332,7.241,79
865,Car,3,364,6.615,108
866,Car,4,204,11.797,64
867,Car,3,364,6.575,106
868,Car,4,204,11.803,63
869,Car,4,204,11.807,65
870,Car,4,204,11.805,63
871,Car,3,364,6.587,104
872,Car,3,364,6.590,106
873,Car,4,204,11.772,64
874,Car,3,364,6.606,101
875,Car,4,204,11.761,64
876,Car,3,364,6.563,101
877,Car,3,365,6.576,101
878,Car,3,365,6.572,100
879,Car,4,205,11.754,64
880,Car,3,365,6.566,100
881,Car,4,204,11.715,65
882,Car,3,356,6.722,102
883,Car,3,356,6.723,98
884,Car,3,356,6.722,99
885,Car,4,198,12.180,63
886,Car,4,198,12.161,63
887,Car,4,198,12.180,60
888,Car,4,198,12.182,61
889,Car,4,198,12.125,57
890,Car,4,200,11.966,77
891,Car,4,201,11.978,78
892,Car,4,201,11.993,78
893,Car,4,201,11.978,77
894,Car,3,356,6.739,98
895,Car,3,357,6.753,98
896,Car,3,326,7.320,86
897,Car,4,201,11.966,77
898,Car,4,201,11.999,77
899,Car,4,201,11.962,79
900,Car,4,201,11.993,77
901,Car,4,202,11.923,76
902,Car,3,326,7.322,83
903,Car,4,201,11.917,77
904,Car,3,326,7.325,80
905,Car,3,326,7.340,78
906,Car,3,326,7.336,77
907,Car,4,202,11.926,77
908,Car,3,327,7.363,76
909,Car,4,201,11.917,76
910,Car,3,327,7.351,72
911,Car,4,201,11.916,77
912,Car,3,359,6.707,99
913,Car,3,359,6.699,97
914,Car,4,202,11.931,77
915,Car,4,202,11.926,76
916,Car,4,202,11.938,75
917,Car,3,359,6.659,95
918,Car,3,360,6.697,95
919,Car,4,202,11.938,76
920,Car,3,360,6.700,93
921,Car,3,360,6.689,94
922,Car,4,202,11.887,77
923,Car,3,360,6.682,92
924,Car,3,360,6.681,91
925,Car,4,202,11.891,75
926,Car,4,196,12.263,68
927,Car,3,350,6.870,84
928,Car,3,350,6.853,82
929,Car,4,196,12.243,62
930,Car,4,229,10.513,90
931,Car,4,229,10.499,89
932,Car,3,350,6.835,81
933,Car,3,351,6.872,77
934,Car,4,229,10.490,87
935,Car,4,229,10.479,85
936,Car,4,229,10.476,86
937,Car,3,350,6.819,74
938,Car,3,350,6.830,71
939,Bus,3,354,6.798,64
940,Car,4,229,10.457,80
941,Car,3,353,6.824,63
942,Car,4,230,10.478,81
943,Car,3,353,6.802,61
944,Car,3,323,7.460,58
945,Car,4,230,10.480,78
946,Car,3,323,7.465,56
947,Car,4,200,12.045,73
948,Car,4,199,12.038,69
949,Car,3,354,6.807,85
950,Car,4,199,12.038,70
951,Car,3,354,6.793,82
952,Car,4,199,12.032,71
953,Car,3,354,6.785,82
954,Car,3,354,6.765,80
955,Car,4,200,12.000,69
956,Car,3,354,6.758,81
957,Car,3,355,6.793,80
958,Car,4,200,12.042,67
959,Car,4,201,11.963,68
960,Car,3,354,6.743,80
961,Car,3,354,6.750,81
962,Car,3,354,6.753,80
963,Car,3,355,6.747,81
964,Car,4,201,11.970,66
965,Car,3,355,6.752,83
966,Car,3,355,6.745,83
967,Car,3,356,6.774,83
968,Car,4,201,11.994,65
969,Car,4,201,11.948,66
970,Car,4,191,12.608,54
971,Car,4,191,12.592,50
972,Car,3,351,6.867,83
973,Car,3,351,6.854,83
974,Car,3,351,6.847,84
975,Car,3,351,6.853,83
976,Car,3,351,6.857,82
977,Car,3,351,6.842,83
978,Car,3,351,6.844,83
979,Car,4,191,12.590,49
980,Car,3,384,6.264,110
981,Car,4,223,10.801,78
982,Car,3,383,6.254,103
983,Car,4,223,10.768,75
984,Car,4,223,10.774,73
985,Car,3,383,6.262,93
986,Car,4,223,10.759,69
987,Car,4,224,10.756,68
988,Car,4,224,10.735,68
989,Car,4,224,10.742,68
990,Car,4,224,10.736,68
991,Car,3,383,6.239,91
992,Car,4,190,12.649,61
993,Car,4,190,12.650,61
994,Car,4,190,12.631,59
995,Car,4,190,12.662,59
996,Car,3,350,6.875,86
997,Car,4,191,12.617,57
998,Car,3,350,6.857,84
999,Car,3,350,6.858,83
1000,Car,4,190,12.603,58
1001,Car,4,190,12.633,55
1002,Car,3,350,6.868,81
1003,Car,3,350,6.858,79
1004,Car,4,190,12.620,53
1005,Car,3,350,6.857,76
1006,Car,3,350,6.834,73
1007,Car,4,190,12.620,53
1008,Car,4,191,12.575,51
1009,Car,3,351,6.867,72
1010,Car,3,350,6.826,68
1011,Car,4,191,12.601,49
1012,Car,4,191,12.596,46
1013,Car,4,223,10.755,76
1014,Car,3,345,6.983,70
1015,Car,3,345,6.968,74
1016,Car,3,345,6.981,76
1017,Plus Bus,1,58,41.469,0
1018,Car,4,221,10.870,75
1019,Car,3,345,6.970,78
1020,Car,4,222,10.861,72
1021,Car,3,345,6.980,79
1022,Car,4,221,10.849,71
1023,Car,4,221,10.841,69
1024,Car,4,221,10.848,69
1025,Car,3,345,6.987,80
1026,Car,3,345,6.988,81
1027,Car,3,344,6.944,82
1028,Car,4,221,10.832,70
1029,Car,4,222,10.825,71
1030,Car,4,222,10.841,70
1031,Car,4,222,10.788,69
1032,Car,3,378,6.380,113
1033,Car,4,222,10.809,69
1034,Plus Bus,1,57,42.193,0
1035,Car,3,378,6.378,112
1036,Car,4,182,13.203,49
1037,Car,3,338,7.119,111
1038,Car,4,182,13.231,47
1039,Car,4,182,13.193,46
1040,Car,3,338,7.126,110
1041,Car,4,183,13.153,45
1042,Car,4,183,13.176,43
1043,Car,4,183,13.141,41
1044,Car,3,338,7.077,109
1045,Car,4,183,13.132,40
1046,Car,3,338,7.077,109
1047,Car,3,338,7.081,109
1048,Car,4,183,13.137,40
1049,Car,4,183,13.177,40
1050,Car,4,184,13.075,40
1051,Car,4,216,11.133,70
1052,Car,3,338,7.088,108
1053,Car,4,216,11.121,70
1054,Car,4,216,11.123,68
1055,Car,4,217,11.102,66
1056,Car,3,339,7.101,102
1057,Car,4,217,11.102,69
1058,Car,4,217,11.098,70
1059,Car,3,336,7.145,99
1060,Car,4,217,11.092,70
1061,Car,4,217,11.064,70
1062,Car,4,217,11.076,71
1063,Car,3,336,7.160,100
1064,Car,4,217,11.068,70
1065,Car,3,336,7.150,93
1066,Car,3,336,7.166,85
1067,Car,3,336,7.166,79
1068,Car,4,217,11.067,70
1069,Car,3,336,7.123,79
1070,Car,3,336,7.113,75
1071,Car,4,217,11.038,70
1072,Car,3,337,7.151,73
1073,Car,4,217,11.053,71
1074,Car,4,217,11.066,72
1075,Car,3,337,7.151,69
1076,Car,3,336,7.103,68
1077,Car,4,217,11.030,73
1078,Car,4,218,11.055,72
1079,Car,3,336,7.115,67
1080,Car,3,292,8.201,66
1081,Car,3,324,7.388,96
1082,Car,4,179,13.435,43
1083,Car,4,179,13.425,43
1084,Car,4,179,13.439,43
1085,Car,3,325,7.399,92
1086,Car,4,179,13.473,43
1087,Car,3,325,7.393,92
1088,Car,4,179,13.463,43
1089,Car,3,325,7.402,87
1090,Car,4,211,11.418,73
1091,Car,3,325,7.399,87
1092,Car,4,211,11.395,73
1093,Car,4,211,11.371,72
1094,Car,4,211,11.355,73
1095,Car,3,325,7.384,85
1096,Car,4,211,11.349,74
1097,Car,4,212,11.355,73
1098,Car,4,212,11.348,73
1099,Car,4,212,11.342,74
1100,Car,4,212,11.357,74
1101,Car,4,212,11.344,75
1102,Car,3,325,7.375,82
1103,Car,4,212,11.337,75
1104,Car,4,212,11.318,75
1105,Car,3,325,7.391,81
1106,Car,4,212,11.297,75
1107,Car,3,325,7.396,81
1108,Car,4,213,11.305,73
1109,Car,3,326,7.387,77
1110,Plus Bus,2,57,41.614,0
1111,Car,4,213,11.318,74
1112,Car,4,212,11.308,75
1113,Car,4,213,11.301,76
1114,Car,4,213,11.299,77
1115,Car,4,213,11.259,77
1116,Car,4,214,11.262,77
1117,Car,4,246,9.774,106
1118,Car,4,246,9.750,105
1119,Car,3,326,7.389,77
1120,Car,3,326,7.340,73
1121,Car,4,247,9.734,104
1122,Car,3,327,7.368,75
1123,Car,3,326,7.347,76
1124,Car,4,210,11.431,78
1125,Car,3,276,8.662,77
1126,Car,3,276,8.689,77
1127,Car,3,276,8.692,77
1128,Car,3,276,8.681,77
1129,Car,3,277,8.703,78
1130,Car,4,210,11.445,79
1131,Car,3,277,8.687,79
1132,Car,3,277,8.701,80
1133,Car,4,210,11.479,79
1134,Car,3,310,7.773,111
1135,Car,3,310,7.780,111
1136,Car,3,310,7.757,107
1137,Car,4,210,11.470,78
1138,Car,3,310,7.759,107
1139,Car,4,210,11.458,78
1140,Plus Bus,1,58,41.565,0
1141,Car,4,210,11.456,78
1142,Car,3,310,7.766,107
1143,Car,3,310,7.770,105
1144,Car,4,210,11.460,77
1145,Car,4,210,11.471,77
1146,Car,4,210,11.468,77
1147,Car,3,310,7.756,105
1148,Car,3,310,7.735,103
1149,Car,3,311,7.755,100
1150,Car,3,310,7.700,100
1151,Car,3,311,7.747,96
1152,Car,3,311,7.751,91
1153,Car,4,210,11.442,73
1154,Car,3,311,7.748,87
1155,Car,3,311,7.713,81
1156,Car,3,311,7.722,79
1157,Car,3,311,7.747,78
1158,Car,3,311,7.741,76
1159,Car,3,311,7.690,76
1160,Car,3,311,7.707,76
1161,Car,4,210,11.463,74
1162,Car,4,210,11.446,74
1163,Car,4,210,11.421,73
1164,Car,3,311,7.723,76
1165,Car,4,210,11.453,70
1166,Car,4,210,11.457,70
1167,Car,4,211,11.387,71
1168,Car,3,341,7.029,107
1169,Car,3,341,7.027,108
1170,Car,3,341,7.037,107
1171,Car,3,341,7.018,106
1172,Car,3,341,7.021,105
1173,Car,4,197,12.220,62
1174,Car,3,311,7.705,102
1175,Car,3,311,7.686,102
1176,Car,4,197,12.197,61
1177,Car,3,311,7.712,101
1178,Car,3,311,7.678,101
1179,Car,4,230,10.482,92
1180,Car,4,229,10.454,91
1181,Car,3,312,7.717,100
1182,Car,3,312,7.653,101
1183,Car,3,312,7.662,101
1184,Car,4,230,10.476,89
1185,Car,3,313,7.698,102
1186,Car,3,313,7.697,103
1187,Car,4,200,12.045,79
1188,Car,4,200,12.014,78
1189,Car,4,200,12.012,78
1190,Car,4,200,11.977,76
1191,Car,4,201,11.993,73
1192,Car,3,313,7.705,101
1193,Car,4,201,11.970,68
1194,Car,4,201,11.986,68
1195,Car,3,313,7.690,99
1196,Car,3,313,7.693,95
1197,Car,3,313,7.695,94
1198,Car,3,313,7.694,86
1199,Car,3,313,7.644,87
1200,Car,4,201,11.994,68
1201,Car,3,346,6.954,112
1202,Car,4,200,11.970,66
1203,Car,3,346,6.963,106
1204,Car,3,346,6.966,103
1205,Car,3,346,6.964,103
1206,Car,4,201,11.972,63
1207,Car,3,346,6.965,105
1208,Car,3,345,6.918,106
1209,Car,4,201,11.992,64
1210,Car,4,201,11.955,64
1211,Car,3,345,6.933,106
1212,Car,4,188,12.806,54
1213,Car,3,343,7.019,106
1214,Car,3,343,6.965,106
1215,Car,3,343,6.968,107
1216,Car,3,343,6.957,106
1217,Car,3,344,7.003,100
1218,Car,3,343,6.958,96
1219,Car,4,188,12.747,52
1220,Car,4,188,12.773,52
1221,Car,4,188,12.767,51
1222,Car,4,188,12.756,51
1223,Car,4,188,12.755,52
1224,Car,3,343,6.960,96
1225,Car,4,220,10.898,81
1226,Car,4,220,10.896,80
1227,Car,3,343,6.983,93
1228,Car,4,221,10.906,80
1229,Car,4,220,10.889,81
1230,Car,4,191,12.588,73
1231,Car,4,191,12.596,69
1232,Car,4,191,12.571,67
1233,Car,3,343,6.999,91
1234,Car,4,191,12.550,67
1235,Car,4,192,12.560,67
1236,Car,3,312,7.699,85
1237,Car,3,313,7.702,82
1238,Car,4,192,12.554,66
1239,Car,3,313,7.702,82
1240,Car,3,312,7.611,80
1241,Car,4,191,12.547,66
1242,Car,4,191,12.593,66
1243,Car,3,313,7.629,77
1244,Car,4,191,12.566,64
1245,Car,4,192,12.558,63
1246,Car,3,346,6.968,104
1247,Car,3,346,6.968,104
1248,Car,4,191,12.551,60
1249,Car,4,191,12.533,58
1250,Plus Bus,2,79,30.508,13
1251,Car,3,346,6.971,101
1252,Car,4,192,12.549,57
1253,Car,3,345,6.927,100
1254,Car,4,192,12.541,52
1255,Car,4,191,12.554,51
1256,Car,3,334,7.136,100
1257,Car,3,334,7.151,101
1258,Car,3,335,7.139,101
1259,Car,3,336,7.162,100
1260,Car,4,187,12.852,48
1261,Car,4,219,10.965,77
1262,Car,3,335,7.134,101
1263,Plus Bus,1,55,43.483,0
1264,Car,4,219,10.938,75
1265,Car,3,335,7.128,102
1266,Car,4,220,10.939,73
1267,Car,3,335,7.135,104
1268,Car,4,220,10.959,70
1269,Car,4,219,10.942,66
1270,Car,3,335,7.106,103
1271,Car,4,219,10.958,67
1272,Car,4,220,10.931,67
1273,Car,3,335,7.114,101
1274,Car,4,220,10.957,69
1275,Car,4,220,10.934,70
1276,Car,4,220,10.909,72
1277,Car,4,221,10.885,74
1278,Car,3,300,8.029,100
1279,Car,3,300,8.030,97
1280,Car,3,300,8.033,96
1281,Car,4,188,12.800,58
1282,Car,4,187,12.808,57
1283,Car,3,300,7.993,90
1284,Car,3,300,8.010,87
1285,Car,4,188,12.787,52
1286,Car,3,300,8.036,80
1287,Car,3,300,8.001,81
1288,Car,4,188,12.788,50
1289,Car,3,300,7.943,79
1290,Car,3,333,7.230,105
1291,Car,3,333,7.202,106
1292,Car,4,188,12.811,49
1293,Car,3,334,7.220,107
1294,Car,4,188,12.783,47
1295,Car,3,334,7.212,106
1296,Car,4,188,12.808,46
1297,Plus Bus,2,68,35.455,6
1298,Car,3,334,7.219,105
1299,Car,4,188,12.820,46
1300,Car,4,181,13.246,44
1301,Car,4,181,13.230,44
1302,Car,3,331,7.213,107
1303,Car,4,214,11.232,73
1304,Car,4,214,11.199,73
1305,Car,4,215,11.218,69
1306,Car,4,214,11.204,66
1307,Car,3,332,7.247,108
1308,Car,3,332,7.244,107
1309,Car,3,332,7.256,105
1310,Car,4,215,11.203,64
1311,Car,3,331,7.207,105
1312,Car,3,332,7.206,104
1313,Car,4,215,11.215,64
1314,Car,4,215,11.191,67
1315,Car,3,332,7.210,104
1316,Car,4,215,11.205,69
1317,Car,3,333,7.232,102
1318,Car,3,332,7.182,101
1319,Car,3,332,7.190,101
1320,Car,3,332,7.177,100
1321,Car,4,215,11.218,71
1322,Car,4,176,13.689,44
1323,Car,4,176,13.676,44
1324,Car,4,176,13.701,43
1325,Car,3,293,8.134,96
1326,Car,3,293,8.143,94
1327,Car,4,176,13.652,40
1328,Car,4,176,13.666,40
1329,Car,4,177,13.613,40
1330,Car,3,293,8.131,93
1331,Car,4,177,13.625,40
1332,Car,4,176,13.607,40
1333,Car,3,294,8.200,94
1334,Car,3,293,8.137,94
1335,Car,4,177,13.603,41
1336,Car,3,326,7.385,122
1337,Car,3,325,7.337,120
1338,Car,4,177,13.613,41
1339,Car,4,177,13.611,41
1340,Car,4,177,13.599,40
1341,Car,3,326,7.389,119
1342,Car,4,210,11.466,70
1343,Car,4,210,11.442,69
1344,Car,4,210,11.438,67
1345,Car,4,210,11.451,64
1346,Car,3,325,7.409,118
1347,Car,4,210,11.434,64
1348,Car,4,210,11.417,62
1349,Car,3,325,7.412,118
1350,Car,3,325,7.413,118
1351,Car,3,324,7.365,119
1352,Car,3,325,7.418,117
1353,Car,3,325,7.383,114
1354,Car,4,211,11.427,62
1355,Car,4,211,11.426,61
1356,Car,4,210,11.421,60
1357,Car,3,325,7.395,109
1358,Car,4,211,11.408,59
1359,Car,4,211,11.412,59
1360,Car,3,325,7.379,106
1361,Car,3,325,7.358,105
1362,Car,3,325,7.391,103
1363,Car,4,211,11.430,55
1364,Car,4,211,11.369,53
1365,Car,4,211,11.368,53
1366,Plus Bus,1,55,43.582,0
1367,Car,4,172,13.968,20
1368,Car,4,172,13.963,19
1369,Car,4,172,14.011,18
1370,Car,4,172,14.005,17
1371,Car,4,172,13.922,16
1372,Car,4,172,13.996,16
1373,Car,3,280,8.565,100
1374,Car,4,172,13.932,14
1375,Car,3,280,8.576,100
1376,Car,3,280,8.506,97
1377,Plus Bus,1,58,41.237,0
1378,Car,4,204,11.754,43
1379,Car,3,281,8.568,99
1380,Car,3,281,8.552,98
1381,Car,3,281,8.542,100
1382,Car,3,281,8.542,101
1383,Car,4,204,11.776,42
1384,Car,4,205,11.753,41
1385,Car,4,205,11.742,40
1386,Car,4,205,11.754,39
1387,Car,3,281,8.537,102
1388,Car,3,313,7.642,133
1389,Car,4,205,11.712,37
1390,Car,4,205,11.697,34
1391,Car,4,205,11.691,33
1392,Car,4,206,11.691,31
1393,Car,4,206,11.685,31
1394,Car,3,313,7.653,134
1395,Car,3,314,7.673,134
1396,Plus Bus,2,55,43.120,0
1397,Car,4,206,11.686,30
1398,Car,3,314,7.681,131
1399,Car,3,313,7.641,132
1400,Car,4,206,11.675,31
1401,Car,3,314,7.666,132
1402,Car,3,314,7.646,133
1403,Car,4,206,11.680,29
1404,Car,4,206,11.705,28
1405,Car,4,206,11.703,27
1406,Car,4,206,11.644,25
1407,Car,3,314,7.662,132
1408,Car,4,206,11.672,24
1409,Car,4,206,11.687,23
1410,Car,3,265,9.070,101
1411,Car,3,265,9.099,101
1412,Car,4,167,14.421,21
1413,Car,3,265,9.022,101
1414,Car,3,266,9.058,102
1415,Car,4,167,14.423,22
1416,Car,3,265,9.020,102
1417,Car,4,198,12.093,51
1418,Bus,3,267,8.958,100
1419,Car,4,199,12.090,49
1420,Car,3,267,9.023,100
1421,Car,3,267,9.016,94
1422,Car,3,266,8.984,91
1423,Car,3,266,8.979,90
1424,Car,3,267,9.021,91
1425,Car,4,199,12.080,46
1426,Car,4,199,12.070,46
1427,Car,3,267,9.028,91
1428,Car,4,199,12.037,44
1429,Car,3,298,8.082,117
1430,Car,3,297,8.037,114
1431,Car,4,200,12.036,45
1432,Car,3,298,8.025,109
1433,Car,3,298,8.032,111
1434,Car,4,200,12.005,44
1435,Car,3,299,8.047,109
1436,Car,4,200,11.999,46
1437,Car,4,200,12.018,46
1438,Car,4,200,11.996,46
1439,Car,3,299,8.063,109
1440,Car,4,200,12.018,47
1441,Car,4,200,12.035,47
1442,Car,3,299,8.051,110
1443,Car,3,298,8.022,112
1444,Car,3,299,8.056,112
1445,Car,4,200,12.023,45
1446,Car,4,200,12.039,44
1447,Car,4,200,11.993,43
1448,Car,4,200,11.995,42
1449,Car,3,299,8.013,108
1450,Car,3,299,8.004,107
1451,Car,3,299,8.017,107
1452,Car,4,200,11.973,44
1453,Car,3,299,7.995,106
1454,Car,4,190,12.671,43
1455,Car,3,296,8.139,108
1456,Car,4,190,12.694,44
1457,Car,4,190,12.666,45
1458,Car,3,295,8.108,108
1459,Car,4,190,12.646,46
1460,Car,4,222,10.832,76
1461,Car,4,192,12.486,74
1462,Car,3,296,8.148,109
1463,Car,4,192,12.465,73
1464,Car,4,192,12.480,70
1465,Car,3,295,8.077,107
1466,Car,4,193,12.487,68
1467,Car,4,193,12.489,66
1468,Car,3,295,8.087,104
1469,Car,3,265,9.005,95
1470,Car,4,193,12.493,63
1471,Car,3,265,8.988,89
1472,Car,4,193,12.478,59
1473,Car,4,193,12.492,58
1474,Car,3,265,8.971,89
1475,Car,3,298,8.028,119
1476,Car,4,193,12.490,56
1477,Car,3,298,8.034,119
1478,Car,3,298,8.031,117
1479,Car,4,194,12.417,57
1480,Car,3,299,8.066,117
1481,Car,4,194,12.424,58
1482,Car,3,299,8.044,116
1483,Car,3,299,8.057,117
1484,Car,4,194,12.420,55
1485,Car,3,299,8.038,113
1486,Car,3,298,8.002,113
1487,Car,3,299,8.060,109
1488,Car,4,194,12.426,53
1489,Car,3,300,8.024,103
1490,Car,4,194,12.392,51
1491,Car,3,300,8.035,103
1492,Car,3,300,8.033,102
1493,Car,4,194,12.381,50
1494,Car,3,299,7.983,102
1495,Car,4,194,12.382,45
1496,Car,3,299,7.986,96
1497,Car,3,300,8.014,92
1498,Car,3,293,8.203,87
1499,Car,4,185,12.988,44
1500,Car,4,185,12.981,45
1501,Car,3,293,8.205,87
1502,Car,3,293,8.220,87
1503,Car,4,185,12.997,42
1504,Car,4,217,11.035,72
1505,Car,3,293,8.160,83
1506,Car,4,218,11.045,70
1507,Car,4,218,11.050,70
1508,Car,3,293,8.150,86
1509,Car,4,218,11.020,69
1510,Car,3,326,7.390,117
1511,Car,3,326,7.370,116
1512,Car,3,326,7.358,116
1513,Car,4,218,11.014,71
1514,Car,4,218,11.029,70
1515,Car,3,327,7.370,114
1516,Plus Bus,2,56,42.397,0
1517,Car,3,327,7.369,114
1518,Car,4,218,11.006,70
1519,Car,4,188,12.792,60
1520,Car,4,188,12.825,56
1521,Car,3,297,8.099,103
1522,Car,4,189,12.755,54
1523,Car,4,189,12.756,54
1524,Car,4,189,12.737,55
1525,Car,3,296,8.091,102
1526,Car,3,296,8.129,104
1527,Car,3,296,8.148,104
1528,Car,3,295,8.098,105
1529,Car,4,189,12.743,55
1530,Car,3,295,8.102,106
1531,Car,3,295,8.121,104
1532,Car,3,295,8.085,105
1533,Car,4,189,12.717,52
1534,Car,3,295,8.099,103
1535,Car,3,295,8.086,102
1536,Car,4,189,12.705,52
1537,Car,3,295,8.089,101
1538,Car,3,295,8.096,95
1539,Car,4,189,12.721,52
1540,Car,4,189,12.712,54
1541,Car,4,190,12.689,51
1542,Car,3,288,8.326,91
1543,Car,4,181,13.322,48
1544,Car,3,288,8.304,91
1545,Car,4,181,13.316,48
1546,Car,3,288,8.289,88
1547,Car,4,181,13.325,50
1548,Car,3,288,8.302,87
1549,Car,4,213,11.319,81
1550,Car,4,213,11.316,80
1551,Car,4,213,11.314,80
1552,Car,3,288,8.320,89
1553,Car,4,213,11.282,80
1554,Car,4,213,11.284,81
1555,Car,3,321,7.508,118
1556,Car,4,214,11.245,78
1557,Car,4,214,11.266,78
1558,Car,3,320,7.470,114
1559,Car,4,214,11.251,76
1560,Car,4,214,11.244,74
1561,Car,4,214,11.260,74
1562,Car,4,214,11.266,71
1563,Car,4,214,11.249,71
1564,Car,4,184,13.065,49
1565,Car,3,282,8.474,101
1566,Car,3,283,8.506,97
1567,Car,3,283,8.516,95
1568,Car,4,184,13.095,47
1569,Car,4,184,13.067,46
1570,Car,4,184,13.028,45
1571,Car,3,283,8.512,91
1572,Car,4,184,13.051,46
1573,Car,4,184,13.087,45
1574,Car,4,184,13.029,45
1575,Car,4,184,13.064,45
1576,Car,4,185,13.030,42
1577,Car,4,217,11.082,71
1578,Car,4,217,11.069,69
1579,Bus,4,219,10.998,69
1580,Plus Bus,2,60,39.880,0
1581,Car,4,217,11.034,72
1582,Car,4,218,11.056,72
1583,Car,3,283,8.489,91
1584,Car,4,218,11.022,72
1585,Car,4,218,11.001,74
1586,Car,3,273,8.781,90
1587,Car,4,219,11.007,76
1588,Car,3,273,8.773,86
1589,Car,3,273,8.795,86
1590,Car,4,218,11.045,74
1591,Car,4,218,11.052,73
1592,Car,4,218,11.044,74
1593,Car,4,218,11.030,72
1594,Car,3,273,8.813,84
1595,Car,4,218,11.003,71
1596,Car,4,218,11.050,72
1597,Car,3,273,8.790,86
1598,Car,4,218,11.024,72
1599,Car,3,273,8.777,87
1600,Car,4,218,11.040,72
1601,Car,4,218,11.010,73
1602,Car,4,218,11.012,73
1603,Car,4,218,11.038,72
1604,Car,3,273,8.775,84
1605,Car,4,218,10.997,72
1606,Car,4,218,11.056,71
1607,Car,3,273,8.793,83
1608,Car,4,216,11.159,72
1609,Car,4,216,11.092,69
1610,Car,3,231,10.378,70
1611,Car,4,217,11.109,69
1612,Car,3,231,10.402,68
1613,Car,3,231,10.369,65
1614,Car,3,231,10.390,63
1615,Car,4,217,11.103,68
1616,Car,4,217,11.083,67
1617,Car,4,217,11.075,68
1618,Car,4,217,11.081,70
1619,Car,4,217,11.087,69
1620,Car,4,217,11.096,70
1621,Car,4,217,11.036,69
1622,Car,3,231,10.317,59
1623,Car,3,231,10.311,59
1624,Car,3,232,10.384,57
1625,Car,3,265,9.097,86
1626,Car,3,265,9.080,85
1627,Car,3,265,9.062,78
1628,Car,3,265,9.061,77
1629,Car,4,217,11.053,70
1630,Car,4,217,11.031,69
1631,Car,4,218,11.027,67
1632,Car,4,218,11.037,65
1633,Car,4,218,11.062,66
1634,Car,4,218,11.021,66
1635,Car,4,218,11.046,64
1636,Car,4,218,11.041,64
1637,Car,3,265,9.081,78
1638,Car,3,265,9.058,79
1639,Car,4,218,11.015,64
1640,Car,3,265,9.044,80
1641,Car,4,218,11.026,65
1642,Car,4,218,11.015,63
1643,Car,3,265,9.066,82
1644,Car,4,250,9.593,93
1645,Car,4,250,9.588,92
1646,Car,4,251,9.590,92
1647,Plus Bus,1,58,41.311,0
1648,Car,3,265,9.055,85
1649,Car,3,266,9.058,87
1650,Car,4,251,9.608,91
1651,Car,3,266,9.063,88
1652,Car,3,218,10.922,69
1653,Car,3,218,10.939,68
1654,Car,3,219,11.010,66
1655,Car,3,218,10.938,62
1656,Car,4,211,11.418,71
1657,Car,3,218,10.941,62
1658,Car,4,211,11.409,69
1659,Car,3,218,10.948,61
1660,Car,3,219,10.982,61
1661,Car,3,219,10.937,60
1662,Car,4,211,11.413,68
1663,Car,4,211,11.413,69
1664,Car,4,211,11.410,69
1665,Car,3,219,10.919,59
1666,Car,3,252,9.503,87
1667,Car,4,211,11.387,71
1668,Car,3,253,9.512,85
1669,Car,3,253,9.521,83
1670,Car,4,211,11.387,71
1671,Car,4,212,11.359,72
1672,Car,4,212,11.333,75
1673,Car,3,253,9.531,80
1674,Car,4,212,11.369,76
1675,Car,3,252,9.498,79
1676,Car,3,252,9.490,78
1677,Car,4,212,11.348,77
1678,Car,4,212,11.367,77
1679,Car,4,212,11.353,77
1680,Car,3,253,9.515,79
1681,Car,4,212,11.328,76
1682,Car,3,253,9.489,74
1683,Car,4,212,11.344,78
1684,Car,4,212,11.339,78
1685,Car,4,212,11.336,78
1686,Car,4,245,9.837,107
1687,Car,4,245,9.841,103
1688,Car,3,253,9.501,72
1689,Car,3,252,9.463,72
1690,Car,4,245,9.839,102
1691,Car,4,245,9.813,101
1692,Car,3,253,9.490,70
1693,Car,3,253,9.506,67
1694,Car,4,245,9.812,96
1695,Car,3,253,9.517,64
1696,Car,4,202,11.894,74
1697,Car,4,202,11.916,74
1698,Car,4,202,11.905,74
1699,Car,3,210,11.462,50
1700,Car,3,210,11.393,51
1701,Car,3,210,11.396,51
1702,Car,3,210,11.399,50
1703,Car,3,211,11.396,48
1704,Car,4,202,11.922,73
1705,Car,3,211,11.401,48
1706,Car,4,202,11.901,73
1707,Car,4,202,11.886,71
1708,Car,4,203,11.862,69
1709,Car,3,211,11.412,48
1710,Car,4,203,11.854,69
1711,Car,3,243,9.833,75
1712,Car,4,203,11.878,68
1713,Car,3,243,9.843,73
1714,Car,4,203,11.859,68
1715,Car,3,244,9.877,70
1716,Car,4,203,11.870,69
1717,Car,4,203,11.858,69
1718,Car,3,244,9.877,68
1719,Car,4,203,11.826,68
1720,Car,4,203,11.792,68
1721,Car,3,244,9.858,68
1722,Plus Bus,2,89,27.049,23
1723,Car,3,244,9.857,68
1724,Car,4,204,11.817,69
1725,Car,3,244,9.870,67
1726,Car,4,236,10.206,99
1727,Car,4,236,10.214,100
1728,Car,4,236,10.209,94
1729,Car,3,243,9.813,68
1730,Car,4,236,10.191,94
1731,Car,3,244,9.851,67
1732,Car,4,236,10.174,91
1733,Car,4,236,10.147,92
1734,Car,3,244,9.861,67
1735,Car,3,244,9.840,62
1736,Car,3,244,9.766,58
1737,Car,3,245,9.822,57
1738,Car,4,236,10.172,91
1739,Car,4,236,10.176,90
1740,Car,3,235,10.262,48
1741,Car,3,234,10.173,45
1742,Car,3,235,10.247,39
1743,Car,3,235,10.253,33
1744,Car,4,229,10.511,87
1745,Car,4,229,10.494,86
1746,Car,3,235,10.238,34
1747,Car,3,205,11.718,27
1748,Car,4,229,10.497,81
1749,Car,4,230,10.484,79
1750,Car,4,230,10.461,78
1751,Car,3,205,11.743,22
1752,Car,4,200,12.027,71
1753,Car,3,205,11.722,23
1754,Car,3,238,10.121,53
1755,Car,3,238,10.118,52
1756,Car,4,200,12.016,68
1757,Car,3,238,10.109,51
1758,Car,3,238,10.103,50
1759,Car,3,238,10.094,50
1760,Car,4,200,12.012,66
1761,Car,4,200,12.040,66
1762,Car,3,238,10.062,49
1763,Car,4,200,12.006,65
1764,Car,4,200,11.980,64
1765,Car,3,239,10.091,49
1766,Car,4,201,11.972,65
1767,Car,4,201,11.956,64
1768,Car,3,239,10.092,48
1769,Car,3,238,10.023,47
1770,Car,4,233,10.307,95
1771,Car,4,233,10.304,91
1772,Car,3,238,10.037,47
1773,Car,4,233,10.327,89
1774,Car,4,233,10.296,88
1775,Car,4,233,10.293,88
1776,Car,4,233,10.303,86
1777,Car,4,234,10.284,83
1778,Car,4,234,10.283,82
1779,Car,3,238,10.050,45
1780,Car,3,239,10.070,44
1781,Car,3,239,10.018,43
1782,Car,4,234,10.262,80
1783,Car,4,234,10.246,76
1784,Car,4,227,10.572,68
1785,Car,4,227,10.559,68
1786,Car,3,230,10.410,45
1787,Car,4,228,10.577,65
1788,Car,4,227,10.556,64
1789,Car,4,227,10.558,64
1790,Car,4,228,10.559,61
1791,Car,3,230,10.393,45
1792,Car,3,230,10.351,44
1793,Car,3,231,10.419,45
1794,Car,4,228,10.578,62
1795,Car,3,230,10.378,46
1796,Car,4,228,10.562,62
1797,Car,3,230,10.378,46
1798,Car,4,228,10.540,61
1799,Car,3,231,10.431,46
1800,Car,3,230,10.356,47
1801,Car,4,228,10.570,60
1802,Car,3,263,9.105,75
1803,Car,4,198,12.163,54
1804,Plus Bus,1,58,41.537,0
1805,Car,3,263,9.128,76
1806,Car,3,234,10.290,73
1807,Car,4,230,10.471,81
1808,Car,3,234,10.305,74
1809,Car,4,231,10.417,76
1810,Car,4,231,10.421,76
1811,Car,4,231,10.431,74
1812,Car,3,234,10.307,75
1813,Car,4,231,10.423,73
1814,Car,4,231,10.406,72
1815,Car,4,231,10.384,74
1816,Car,3,234,10.295,76
1817,Car,4,231,10.417,74
1818,Car,3,234,10.293,76
1819,Car,4,231,10.441,74
1820,Car,4,231,10.434,71
1821,Car,4,231,10.383,70
1822,Car,4,231,10.431,70
1823,Car,3,234,10.275,76
1824,Car,4,232,10.354,70
1825,Car,4,232,10.354,67
1826,Car,4,232,10.344,66
1827,Car,4,232,10.365,66
1828,Car,3,220,10.937,73
1829,Car,3,220,10.937,72
1830,Car,4,229,10.509,66
1831,Car,3,220,10.912,69
1832,Car,4,229,10.468,64
1833,Car,3,220,10.889,67
1834,Car,4,229,10.459,65
1835,Car,3,221,10.904,66
1836,Car,4,229,10.465,64
1837,Car,4,262,9.170,92
1838,Car,4,262,9.154,92
1839,Car,4,262,9.184,89
1840,Car,4,262,9.184,87
1841,Car,3,221,10.881,64
1842,Car,3,221,10.908,64
1843,Car,4,262,9.162,87
1844,Car,4,262,9.137,87
1845,Car,4,263,9.151,87
1846,Car,3,221,10.907,62
1847,Car,3,221,10.890,62
1848,Car,3,221,10.894,61
1849,Car,4,263,9.156,88
1850,Car,4,230,10.475,73
1851,Car,3,185,12.893,52
1852,Car,3,186,12.896,51
1853,Car,4,230,10.447,70
1854,Car,4,230,10.439,70
1855,Car,3,218,10.993,81
1856,Car,3,219,11.003,82
1857,Car,3,218,10.976,81
1858,Car,3,218,10.987,80
1859,Car,3,218,10.955,80
1860,Car,4,230,10.441,72
1861,Car,3,219,10.964,77
1862,Car,3,219,10.962,76
1863,Car,4,230,10.448,71
1864,Car,4,230,10.459,72
1865,Car,3,219,10.933,73
1866,Car,4,230,10.469,71
1867,Car,4,230,10.475,71
1868,Car,3,220,10.963,73
1869,Car,4,230,10.453,71
1870,Car,4,230,10.463,70
1871,Car,4,230,10.450,70
1872,Car,4,226,10.594,70
1873,Car,4,226,10.621,69
1874,Car,4,259,9.302,100
1875,Car,4,259,9.302,101
1876,Car,4,259,9.293,101
1877,Car,4,259,9.245,101
1878,Car,3,215,11.124,72
1879,Car,3,215,11.111,72
1880,Car,4,259,9.252,100
1881,Car,4,259,9.264,98
1882,Car,4,260,9.262,97
1883,Car,3,216,11.140,72
1884,Car,4,260,9.254,96
1885,Car,4,260,9.266,99
1886,Car,4,260,9.235,96
1887,Car,3,215,11.096,71
1888,Car,3,215,11.126,70
1889,Car,3,215,11.130,70
1890,Car,4,260,9.247,99
1891,Car,3,215,11.160,68
1892,Car,3,215,11.076,67
1893,Car,3,216,11.143,67
1894,Car,4,223,10.750,77
1895,Car,3,175,13.720,41
1896,Car,4,223,10.762,79
1897,Car,3,175,13.703,41
1898,Car,3,175,13.670,42
1899,Car,3,207,11.572,73
1900,Car,4,223,10.764,79
1901,Car,4,223,10.779,81
1902,Car,3,207,11.593,74
1903,Car,3,207,11.526,72
1904,Car,3,208,11.568,74
1905,Car,3,207,11.533,74
1906,Car,4,224,10.747,82
1907,Car,3,208,11.566,75
1908,Car,3,208,11.510,76
1909,Car,4,224,10.748,84
1910,Car,4,224,10.749,84
1911,Car,4,224,10.757,82
1912,Car,4,224,10.743,80
1913,Car,4,224,10.740,80
1914,Car,3,208,11.507,76
1915,Car,3,208,11.505,76
1916,Car,3,208,11.491,73
1917,Car,3,209,11.529,75
1918,Car,4,257,9.369,108
1919,Car,4,257,9.378,106
1920,Car,3,209,11.504,74
1921,Plus Bus,1,57,42.199,0
1922,Car,4,257,9.351,105
1923,Car,4,257,9.343,105
1924,Car,3,209,11.474,72
1925,Car,3,209,11.506,72
1926,Car,3,209,11.486,69
1927,Car,4,257,9.334,104
1928,Car,3,209,11.517,68
1929,Car,4,257,9.339,105
1930,Car,4,257,9.318,103
1931,Car,4,258,9.340,103
1932,Car,4,258,9.346,102
1933,Car,4,257,9.331,102
1934,Car,4,258,9.329,101
1935,Car,4,258,9.349,102
1936,Car,3,208,11.427,69
1937,Car,3,209,11.473,70
1938,Car,4,214,11.196,76
1939,Car,4,215,11.189,74
1940,Car,3,165,14.550,46
1941,Car,3,165,14.549,45
1942,Car,3,165,14.461,43
1943,Car,4,215,11.214,73
1944,Car,3,198,12.169,73
1945,Car,4,215,11.152,72
1946,Car,3,198,12.120,74
1947,Car,4,215,11.161,72
1948,Car,4,215,11.134,70
1949,Car,4,215,11.132,71
1950,Car,4,216,11.147,69
1951,Car,3,198,12.097,74
1952,Car,4,247,9.734,92
1953,Car,3,198,12.085,70
1954,Car,3,198,12.109,68
1955,Car,4,247,9.734,86
1956,Car,4,248,9.722,81
1957,Plus Bus,1,58,41.503,0
1958,Car,3,198,12.063,67
1959,Car,3,199,12.104,67
1960,Car,4,247,9.702,81
1961,Car,3,199,12.093,67
1962,Car,4,248,9.724,80
1963,Car,3,199,12.111,65
1964,Car,4,248,9.724,79
1965,Car,3,198,12.057,63
1966,Car,4,248,9.715,79
1967,Car,4,248,9.712,75
1968,Car,3,199,12.050,61
1969,Car,4,248,9.690,75
1970,Car,4,248,9.693,72
1971,Car,3,199,12.014,62
1972,Car,3,199,12.044,61
1973,Car,4,248,9.685,71
1974,Car,4,249,9.671,70
1975,Car,3,200,12.030,61
1976,Car,4,249,9.672,70
1977,Car,4,249,9.685,69
1978,Car,4,249,9.669,68
1979,Car,3,200,12.053,61
1980,Car,3,199,11.992,62
1981,Car,3,199,11.994,63
1982,Car,4,207,11.636,59
1983,Car,3,154,15.536,44
1984,Car,4,207,11.611,57
1985,Car,3,154,15.557,41
1986,Car,4,207,11.633,59
1987,Car,4,207,11.579,57
1988,Car,4,207,11.612,53
1989,Car,3,155,15.543,40
1990,Bus,3,190,12.617,64
1991,Car,3,190,12.659,65
1992,Car,4,207,11.585,52
1993,Car,3,190,12.645,64
1994,Car,4,239,10.030,79
1995,Car,4,240,10.045,78
1996,Car,4,240,10.040,76
1997,Car,3,191,12.607,59
1998,Car,4,240,10.017,74
1999,Car,4,240,10.012,73
2000,Car,4,240,9.974,67
2001,Car,3,190,12.670,55
2002,Car,4,241,9.983,65
2003,Car,4,241,9.987,65
2004,Car,3,189,12.709,57
2005,Car,3,188,12.731,53
2006,Car,4,241,10.002,65
2007,Car,3,188,12.809,53
2008,Car,4,241,9.981,64
2009,Car,4,241,9.983,62
2010,Car,4,241,9.977,61
2011,Car,3,187,12.816,51
2012,Car,3,187,12.778,50
2013,Car,4,241,9.974,58
2014,Car,4,241,9.957,55
2015,Car,3,187,12.779,51
2016,Car,3,187,12.787,52
2017,Car,4,241,9.955,56
2018,Car,3,188,12.797,51
2019,Car,3,188,12.826,52
2020,Car,3,187,12.755,53
2021,Car,4,241,9.934,54
2022,Car,3,188,12.770,51
2023,Car,4,241,9.957,54
2024,Car,3,188,12.756,51
2025,Car,4,241,9.955,52
2026,Car,3,180,13.299,46
2027,Car,3,180,13.332,44
2028,Car,3,180,13.348,46
2029,Car,3,212,11.304,77
2030,Car,3,212,11.321,77
2031,Car,4,236,10.200,49
2032,Car,4,236,10.182,49
2033,Car,4,236,10.207,48
2034,Car,4,268,8.995,76
2035,Car,3,182,13.171,63
2036,Car,4,268,8.988,72
2037,Car,4,238,10.112,63
2038,Car,3,182,13.198,60
2039,Car,3,182,13.128,58
2040,Car,3,182,13.144,58
2041,Car,4,239,10.085,58
2042,Car,3,183,13.119,56
2043,Car,4,239,10.064,49
2044,Car,3,183,13.120,55
2045,Car,4,238,10.066,48
2046,Car,4,238,10.092,47
2047,Car,4,239,10.080,45
2048,Car,4,239,10.066,42
2049,Car,4,239,10.060,42
2050,Car,3,183,13.147,53
2051,Car,4,239,10.046,38
2052,Car,4,239,10.060,37
2053,Car,3,183,13.064,54
2054,Car,3,183,13.037,53
2055,Car,4,239,10.046,34
2056,Car,3,184,13.073,52
2057,Car,4,239,10.026,33
2058,Car,4,240,10.039,31
2059,Car,4,240,10.039,28
2060,Car,3,184,13.043,52
2061,Car,3,184,13.042,52
2062,Car,4,240,10.032,27
2063,Car,3,184,13.003,51
2064,Car,3,185,13.032,48
2065,Car,4,240,9.990,27
2066,Car,4,240,10.000,27
2067,Car,3,184,13.027,48
2068,Car,4,240,10.011,28
2069,Car,3,184,13.029,47
2070,Car,4,233,10.332,27
2071,Car,4,266,9.059,54
2072,Car,3,175,13.730,43
2073,Car,4,265,9.039,48
2074,Car,3,175,13.650,42
2075,Car,3,175,13.668,42
2076,Car,3,208,11.586,72
2077,Car,4,266,9.063,45
2078,Car,4,266,9.047,42
2079,Car,4,266,9.063,41
2080,Car,3,208,11.559,72
2081,Car,3,208,11.553,72
2082,Car,3,208,11.535,71
2083,Car,3,208,11.515,69
2084,Car,3,208,11.522,68
2085,Car,4,266,9.032,41
2086,Car,4,266,9.035,41
2087,Car,3,208,11.513,69
2088,Car,3,179,13.442,46
2089,Car,3,179,13.434,45
2090,Car,3,179,13.470,44
2091,Car,4,267,9.025,41
2092,Car,3,179,13.460,43
2093,Car,4,235,10.199,33
2094,Car,3,179,13.359,42
2095,Car,4,236,10.191,31
2096,Car,3,179,13.380,42
2097,Car,4,236,10.181,30
2098,Car,3,179,13.374,42
2099,Car,3,179,13.396,42
2100,Car,3,179,13.443,42
2101,Car,3,179,13.432,42
2102,Car,3,179,13.395,42
2103,Car,4,236,10.173,29
2104,Car,4,236,10.195,29
2105,Car,3,180,13.383,42
2106,Car,4,236,10.209,30
2107,Car,3,179,13.298,42
2108,Car,3,180,13.388,42
2109,Car,4,236,10.163,27
2110,Car,4,236,10.197,25
2111,Car,3,212,11.358,72
2112,Car,4,236,10.182,25
2113,Car,3,212,11.371,71
2114,Car,4,225,10.680,25
2115,Car,3,209,11.510,72
2116,Car,3,209,11.528,73
2117,Car,3,208,11.502,71
2118,Car,4,226,10.638,25
2119,Car,4,226,10.645,26
2120,Car,3,208,11.485,71
2121,Car,3,209,11.486,71
2122,Car,4,257,9.319,55
2123,Car,4,257,9.342,52
2124,Car,3,209,11.485,71
2125,Car,4,257,9.364,51
2126,Car,4,258,9.345,49
2127,Car,4,258,9.323,50
2128,Car,3,209,11.511,70
2129,Car,3,209,11.503,70
2130,Car,3,209,11.534,70
2131,Car,3,209,11.438,70
2132,Plus Bus,2,56,42.793,0
2133,Car,4,258,9.298,48
2134,Car,4,258,9.290,48
2135,Car,4,258,9.293,48
2136,Car,3,174,13.730,41
2137,Car,3,174,13.770,41
2138,Car,3,174,13.729,40
2139,Car,4,225,10.717,48
2140,Car,3,174,13.755,40
2141,Car,4,224,10.686,48
2142,Car,3,174,13.743,40
2143,Car,4,224,10.695,48
2144,Car,4,224,10.703,47
2145,Car,3,174,13.711,41
2146,Car,3,174,13.724,42
2147,Plus Bus,2,57,42.129,0
2148,Car,4,224,10.685,47
2149,Car,3,175,13.721,41
2150,Car,4,224,10.711,46
2151,Car,3,207,11.569,71
2152,Car,3,208,11.570,71
2153,Car,4,225,10.691,45
2154,Car,4,225,10.707,46
2155,Car,3,208,11.532,69
2156,Car,3,208,11.557,71
2157,Car,3,208,11.572,70
2158,Car,4,218,11.030,47
2159,Car,3,205,11.668,70
2160,Car,3,206,11.706,71
2161,Car,4,218,11.030,49
2162,Car,3,206,11.701,72
2163,Car,3,206,11.705,71
2164,Car,4,218,11.030,48
2165,Car,4,218,11.064,48
2166,Car,4,218,11.011,48
2167,Car,3,206,11.702,71
2168,Car,3,205,11.649,68
2169,Car,3,205,11.641,70
2170,Car,4,250,9.581,79
2171,Car,4,251,9.582,78
2172,Car,3,206,11.678,69
2173,Car,3,205,11.636,67
2174,Car,4,251,9.557,79
2175,Car,4,251,9.566,80
2176,Car,4,251,9.545,79
2177,Car,3,205,11.606,67
2178,Car,3,205,11.634,66
2179,Car,3,206,11.691,67
2180,Car,3,168,14.249,47
2181,Car,3,168,14.244,47
2182,Car,3,168,14.214,47
2183,Car,3,169,14.270,48
2184,Car,3,168,14.223,46
2185,Car,4,211,11.364,80
2186,Car,3,201,11.897,74
2187,Car,3,202,11.911,71
2188,Car,3,201,11.914,72
2189,Car,3,201,11.916,71
2190,Car,4,211,11.352,80
2191,Car,3,201,11.869,72
2192,Car,4,212,11.371,78
2193,Car,4,211,11.384,77
2194,Car,3,201,11.885,71
2195,Car,3,202,11.912,72
2196,Car,4,211,11.411,77
2197,Car,4,211,11.400,76
2198,Car,3,202,11.931,70
2199,Car,3,202,11.939,71
2200,Car,4,212,11.369,75
2201,Car,3,201,11.861,69
2202,Car,3,201,11.862,68
2203,Car,3,202,11.935,68
2204,Car,4,209,11.510,75
2205,Car,3,201,11.842,69
2206,Car,4,209,11.524,74
2207,Car,3,202,11.839,66
2208,Car,3,203,11.873,63
2209,Car,4,209,11.517,73
2210,Car,3,202,11.799,62
2211,Car,3,202,11.834,60
2212,Car,4,209,11.537,73
2213,Car,3,202,11.836,60
2214,Car,4,209,11.491,71
2215,Car,4,209,11.492,69
2216,Car,4,209,11.522,68
2217,Car,4,209,11.522,66
2218,Car,3,203,11.776,58
2219,Car,4,209,11.520,65
2220,Car,4,241,9.946,93
2221,Car,3,203,11.772,56
2222,Car,4,242,9.943,93
2223,Car,3,235,10.172,84
2224,Car,4,198,12.171,74
2225,Car,3,197,12.229,66
2226,Car,3,197,12.218,63
2227,Car,4,198,12.143,74
2228,Car,3,197,12.217,63
2229,Car,4,198,12.113,73
2230,Car,4,198,12.116,69
2231,Car,4,199,12.114,67
2232,Car,4,198,12.094,66
2233,Car,3,197,12.187,60
2234,Car,3,197,12.187,57
2235,Car,3,197,12.186,57
2236,Car,3,197,12.204,56
2237,Car,4,199,12.085,65
2238,Car,3,197,12.168,55
2239,Car,3,197,12.216,53
2240,Bus,3,198,12.080,40
2241,Car,3,197,12.147,40
2242,Car,4,199,12.074,66
2243,Car,4,199,12.109,66
2244,Car,4,199,12.077,66
2245,Car,4,199,12.074,64
2246,Car,4,199,12.077,64
2247,Car,3,198,12.160,38
2248,Car,3,197,12.155,36
2249,Car,4,199,12.033,63
2250,Car,3,197,12.165,33
2251,Car,3,197,12.144,29
2252,Car,3,197,12.155,26
2253,Car,4,199,12.042,63
2254,Car,3,198,12.152,23
2255,Car,3,197,12.160,21
2256,Car,3,196,12.263,19
2257,Car,4,200,12.049,61
2258,Car,4,200,12.034,60
2259,Car,4,200,12.012,61
2260,Car,4,200,12.030,61
2261,Car,3,196,12.235,18
2262,Car,4,200,12.017,63
2263,Car,3,196,12.292,16
2264,Car,4,232,10.343,89
2265,Car,4,232,10.346,89
2266,Car,3,227,10.578,44
2267,Car,4,232,10.335,88
2268,Car,4,189,12.707,71
2269,Car,3,187,12.890,39
2270,Car,3,187,12.898,37
2271,Car,4,190,12.669,68
2272,Car,4,190,12.689,66
2273,Car,4,190,12.681,66
2274,Car,3,187,12.864,35
2275,Car,3,187,12.839,35
2276,Car,4,190,12.663,67
2277,Car,3,187,12.849,32
2278,Car,4,190,12.662,64
2279,Car,4,190,12.614,63
2280,Car,3,187,12.828,31
2281,Car,4,190,12.617,62
2282,Car,3,187,12.858,30
2283,Car,4,190,12.648,60
2284,Car,3,187,12.772,28
2285,Car,4,191,12.613,61
2286,Car,4,191,12.612,59
2287,Car,3,187,12.770,28
2288,Car,3,187,12.794,22
2289,Car,3,187,12.774,21
2290,Car,4,190,12.613,60
2291,Car,3,187,12.762,21
2292,Car,3,187,12.767,20
2293,Car,3,187,12.725,19
2294,Car,4,190,12.604,58
2295,Car,3,187,12.730,18
2296,Car,3,188,12.800,17
2297,Car,4,191,12.622,58
2298,Car,3,187,12.747,16
2299,Car,4,191,12.593,59
2300,Car,4,191,12.572,60
2301,Car,3,187,12.714,15
2302,Car,4,191,12.591,58
2303,Car,3,187,12.715,14
2304,Car,3,188,12.826,12
2305,Car,4,191,12.583,58
2306,Car,3,187,12.731,11
2307,Car,4,223,10.763,89
2308,Car,4,224,10.742,87
2309,Car,3,221,10.908,40
2310,Car,3,220,10.855,38
2311,Car,4,224,10.761,88
2312,Car,3,214,11.270,38
2313,Car,3,214,11.256,36
2314,Car,3,214,11.226,34
2315,Car,4,215,11.200,82
2316,Car,4,215,11.208,82
2317,Car,4,215,11.203,79
2318,Car,4,215,11.191,78
2319,Car,3,214,11.241,33
2320,Car,3,213,11.184,31
2321,Car,4,215,11.187,78
2322,Car,4,185,13.000,59
2323,Car,4,185,12.950,57
2324,Car,3,183,13.028,29
2325,Car,4,186,12.910,55
2326,Car,3,184,13.102,28
2327,Car,3,184,13.093,27
2328,Car,3,184,13.094,25
2329,Car,3,184,12.988,23
2330,Car,4,186,12.933,57
2331,Car,3,184,12.981,23
2332,Car,3,184,12.976,22
2333,Car,4,186,12.965,57
2334,Car,3,184,12.992,21
2335,Car,4,186,12.948,56
2336,Car,3,184,13.013,21
2337,Car,4,186,12.939,56
2338,Car,4,186,12.950,53
2339,Car,3,185,12.966,21
2340,Car,3,185,12.900,21
2341,Car,3,185,12.924,21
2342,Car,4,186,12.947,49
2343,Car,4,186,12.930,47
2344,Car,3,185,12.933,21
2345,Car,3,218,11.063,52
2346,Car,4,186,12.964,48
2347,Car,4,186,12.937,48
2348,Car,4,218,11.009,78
2349,Car,3,217,10.998,50
2350,Car,4,219,11.013,78
2351,Car,3,217,10.997,49
2352,Car,3,217,11.023,48
2353,Car,4,218,10.990,77
2354,Car,3,218,11.018,49
2355,Car,4,219,10.976,76
2356,Car,4,210,11.432,76
2357,Car,3,211,11.383,48
2358,Car,3,211,11.415,49
2359,Car,3,211,11.333,47
2360,Car,3,211,11.355,49
2361,Car,3,211,11.328,49
2362,Car,4,210,11.467,74
2363,Car,4,210,11.431,70
2364,Car,3,211,11.381,48
2365,Car,3,211,11.384,47
2366,Car,3,211,11.363,45
2367,Car,3,211,11.361,45
2368,Car,4,210,11.400,69
2369,Car,3,211,11.374,44
2370,Car,4,210,11.414,70
2371,Car,4,211,11.424,71
2372,Car,3,182,13.221,44
2373,Car,4,211,11.418,72
2374,Car,4,211,11.398,73
2375,Car,3,182,13.197,42
2376,Car,3,182,13.205,43
2377,Car,4,211,11.418,72
2378,Car,4,180,13.398,54
2379,Car,4,180,13.356,52
2380,Car,3,182,13.232,43
2381,Car,4,180,13.390,53
2382,Car,4,179,13.401,54
2383,Car,3,182,13.091,43
2384,Car,4,180,13.333,54
2385,Car,4,180,13.303,54
2386,Car,4,180,13.296,54
2387,Car,3,182,13.091,43
2388,Car,4,181,13.322,53
2389,Car,4,214,11.268,82
2390,Car,4,213,11.239,82
2391,Car,3,214,11.151,74
2392,Car,3,215,11.148,72
2393,Car,4,214,11.252,82
2394,Car,3,215,11.142,72
2395,Car,4,214,11.270,82
2396,Car,3,215,11.147,72
2397,Car,4,214,11.261,80
2398,Car,4,214,11.251,80
2399,Car,3,216,11.164,71
2400,Car,3,206,11.623,70
2401,Car,4,208,11.564,79
2402,Car,4,208,11.548,79
2403,Car,3,206,11.584,70
2404,Car,3,207,11.631,71
2405,Car,4,208,11.572,79
2406,Car,3,207,11.646,72
2407,Car,3,207,11.630,70
2408,Plus Bus,1,56,42.884,0
2409,Car,3,207,11.642,70
2410,Car,4,208,11.518,78
2411,Car,3,207,11.613,71
2412,Car,4,209,11.534,78
2413,Car,4,209,11.529,77
2414,Car,4,209,11.509,77
2415,Car,3,207,11.610,70
2416,Car,3,207,11.621,69
2417,Car,3,207,11.603,71
2418,Car,4,209,11.535,78
2419,Car,3,208,11.575,70
2420,Car,3,207,11.492,69
2421,Car,3,208,11.580,67
2422,Car,3,175,13.608,43
2423,Car,4,171,13.997,47
2424,Car,4,172,13.984,46
2425,Car,3,175,13.641,42
2426,Car,4,172,13.968,47
2427,Car,4,172,13.944,48
2428,Car,4,172,13.964,49
2429,Car,4,172,13.946,50
2430,Car,4,204,11.765,79
2431,Car,4,205,11.754,78
2432,Car,3,175,13.596,41
2433,Car,4,205,11.759,78
2434,Car,4,205,11.754,80
2435,Car,4,205,11.740,80
2436,Car,3,208,11.524,72
2437,Car,4,205,11.733,81
2438,Car,4,205,11.710,80
2439,Car,3,209,11.526,71
2440,Car,3,208,11.474,71
2441,Car,3,208,11.478,68
2442,Car,3,208,11.474,66
2443,Car,4,205,11.703,80
2444,Car,4,204,11.774,76
2445,Car,3,202,11.860,65
2446,Car,3,203,11.876,66
2447,Car,4,204,11.777,76
2448,Car,3,202,11.829,65
2449,Car,4,204,11.788,75
2450,Plus Bus,1,88,27.306,25
2451,Car,4,204,11.789,75
2452,Car,4,204,11.806,74
2453,Car,4,205,11.740,72
2454,Car,3,202,11.831,65
2455,Car,4,205,11.720,72
2456,Car,4,205,11.691,70
2457,Bus,4,207,11.647,66
2458,Car,4,206,11.702,64
2459,Car,4,206,11.701,62
2460,Car,4,206,11.703,62
2461,Car,3,202,11.861,65
2462,Car,4,238,10.120,93
2463,Car,4,238,10.129,90
2464,Car,3,202,11.890,65
2465,Car,3,203,11.881,66
2466,Car,3,160,15.038,43
2467,Car,3,160,15.010,43
2468,Car,3,160,15.067,43
2469,Car,3,159,15.039,43
2470,Car,3,160,15.041,43
2471,Car,4,203,11.864,77
2472,Car,4,203,11.876,75
2473,Car,4,203,11.873,77
2474,Car,4,203,11.849,75
2475,Car,3,160,15.064,42
2476,Car,4,203,11.860,73
2477,Car,4,203,11.849,72
2478,Car,3,160,15.073,43
2479,Car,4,203,11.856,74
2480,Car,4,203,11.880,73
2481,Plus Bus,2,55,43.459,0
2482,Car,4,203,11.849,70
2483,Car,4,204,11.809,65
2484,Car,4,203,11.798,64
2485,Car,3,160,15.012,42
2486,Car,4,204,11.820,62
2487,Car,3,193,12.472,72
2488,Car,4,204,11.778,63
2489,Car,3,192,12.545,72
2490,Car,3,191,12.491,70
2491,Car,3,193,12.489,69
2492,Car,3,193,12.460,69
2493,Car,4,204,11.811,63
2494,Car,3,193,12.461,70
2495,Car,4,203,11.795,62
2496,Car,3,193,12.440,69
2497,Car,4,204,11.809,61
2498,Car,4,203,11.791,60
2499,Car,4,204,11.799,58
2500,Car,3,193,12.455,68
2501,Car,3,193,12.444,66
2502,Car,4,204,11.820,54
2503,Car,3,193,12.458,62
2504,Car,4,237,10.168,84
2505,Car,3,193,12.465,63
2506,Car,3,193,12.429,64
2507,Car,3,193,12.445,64
2508,Car,4,237,10.169,82
2509,Car,3,194,12.422,63
2510,Car,4,193,12.478,65
2511,Car,4,193,12.482,63
2512,Car,4,193,12.474,61
2513,Car,4,193,12.484,61
2514,Car,3,152,15.833,49
2515,Car,4,192,12.469,60
2516,Car,4,192,12.487,60
2517,Car,4,192,12.467,59
2518,Car,3,152,15.798,48
2519,Car,4,193,12.479,58
2520,Car,4,193,12.428,56
2521,Car,3,152,15.775,48
2522,Car,3,152,15.743,48
2523,Car,4,193,12.417,55
2524,Car,3,152,15.751,48
2525,Car,3,152,15.784,44
2526,Car,4,194,12.406,54
2527,Car,3,185,13.033,71
2528,Car,4,194,12.394,53
2529,Car,4,194,12.425,55
2530,Car,4,194,12.425,56
2531,Car,4,194,12.396,57
2532,Car,3,185,13.021,71
2533,Car,4,194,12.430,58
2534,Car,4,194,12.425,57
2535,Car,3,185,13.027,69
2536,Car,3,184,12.997,66
2537,Car,4,194,12.411,55
2538,Car,3,185,13.024,65
2539,Car,3,185,13.013,62
2540,Car,3,185,13.023,56
2541,Car,3,185,12.996,56
2542,Car,4,194,12.405,54
2543,Car,4,226,10.599,85
2544,Car,4,227,10.624,85
2545,Car,4,227,10.592,83
2546,Car,3,185,13.020,56
2547,Car,4,227,10.621,85
2548,Car,4,226,10.604,84
2549,Car,4,227,10.604,83
2550,Car,3,185,13.022,55
2551,Car,4,227,10.604,83
2552,Car,4,227,10.596,81
2553,Car,3,185,12.898,51
2554,Car,4,189,12.706,69
2555,Car,3,138,17.446,33
2556,Car,3,138,17.469,31
2557,Car,3,137,17.412,30
2558,Car,4,189,12.727,70
2559,Car,3,138,17.435,29
2560,Car,3,138,17.469,28
2561,Car,3,138,17.451,25
2562,Car,4,189,12.695,66
2563,Car,4,189,12.715,66
2564,Car,4,189,12.694,65
2565,Car,4,189,12.698,63
2566,Car,4,190,12.695,61
2567,Car,4,190,12.663,61
2568,Car,3,138,17.418,21
2569,Car,3,138,17.454,19
2570,Car,3,138,17.359,17
2571,Car,3,138,17.391,15
2572,Car,4,190,12.663,60
2573,Car,3,170,14.097,44
2574,Car,3,170,14.083,43
2575,Car,4,190,12.677,60
2576,Car,4,190,12.635,57
2577,Plus Bus,1,73,32.972,10
2578,Car,3,170,14.101,42
2579,Car,4,190,12.656,55
2580,Car,3,170,14.075,40
2581,Car,3,170,14.084,39
2582,Car,3,170,14.114,38
2583,Car,4,190,12.625,55
2584,Car,4,190,12.664,53
2585,Car,4,223,10.808,83
2586,Car,3,170,14.083,36
2587,Car,4,223,10.799,81
2588,Car,3,170,14.089,35
2589,Car,3,170,14.116,35
2590,Car,3,170,14.127,32
2591,Car,3,170,14.120,32
2592,Car,4,223,10.802,79
2593,Car,3,170,14.149,31
2594,Car,4,223,10.782,79
2595,Car,4,223,10.788,76
2596,Car,4,222,10.782,76
2597,Car,4,223,10.810,74
2598,Car,4,214,11.241,74
2599,Car,4,215,11.218,70
2600,Car,3,162,14.878,30
2601,Car,3,162,14.841,28
2602,Car,4,215,11.216,70
2603,Car,3,161,14.813,30
2604,Car,4,215,11.187,70
2605,Car,3,161,14.859,29
2606,Car,3,162,14.889,27
2607,Car,4,215,11.179,71
2608,Car,3,132,18.242,26
2609,Car,3,132,18.253,26
2610,Car,4,185,12.981,56
2611,Car,3,132,18.237,25
2612,Car,4,185,13.009,55
2613,Car,4,185,12.968,54
2614,Car,3,131,18.170,23
2615,Car,3,132,18.183,22
2616,Car,3,132,18.153,21
2617,Car,4,185,12.965,54
2618,Car,4,185,12.983,54
2619,Car,4,185,13.016,54
